0	col_name_word_embedding_0
1	col_name_word_embedding_1
2	col_name_word_embedding_2
3	col_name_word_embedding_3
4	col_name_word_embedding_4
5	col_name_word_embedding_5
6	col_name_word_embedding_6
7	col_name_word_embedding_7
8	col_name_word_embedding_8
9	col_name_word_embedding_9
10	col_name_word_embedding_10
11	col_name_word_embedding_11
12	col_name_word_embedding_12
13	col_name_word_embedding_13
14	col_name_word_embedding_14
15	col_name_word_embedding_15
16	col_name_word_embedding_16
17	col_name_word_embedding_17
18	col_name_word_embedding_18
19	col_name_word_embedding_19
20	col_name_word_embedding_20
21	col_name_word_embedding_21
22	col_name_word_embedding_22
23	col_name_word_embedding_23
24	col_name_word_embedding_24
25	col_name_word_embedding_25
26	col_name_word_embedding_26
27	col_name_word_embedding_27
28	col_name_word_embedding_28
29	col_name_word_embedding_29
30	col_name_word_embedding_30
31	col_name_word_embedding_31
32	col_name_word_embedding_32
33	col_name_word_embedding_33
34	col_name_word_embedding_34
35	col_name_word_embedding_35
36	col_name_word_embedding_36
37	col_name_word_embedding_37
38	col_name_word_embedding_38
39	col_name_word_embedding_39
40	col_name_word_embedding_40
41	col_name_word_embedding_41
42	col_name_word_embedding_42
43	col_name_word_embedding_43
44	col_name_word_embedding_44
45	col_name_word_embedding_45
46	col_name_word_embedding_46
47	col_name_word_embedding_47
48	col_name_word_embedding_48
49	col_name_word_embedding_49